epoch,time,train/box_loss,train/cls_loss,train/dfl_loss,metrics/precision(B),metrics/recall(B),metrics/mAP50(B),metrics/mAP50-95(B),val/box_loss,val/cls_loss,val/dfl_loss,lr/pg0,lr/pg1,lr/pg2
1,29.7563,4.70852,5.4655,4.08017,0,0,0,0,3.73517,4.34,3.83796,0.0704762,0.00328042,0.00328042
2,38.4564,4.27711,4.61738,3.5982,0,0,0,0,3.64167,4.64574,3.64543,0.0404544,0.00659193,0.00659193
3,47.1474,3.82141,4.14695,3.21334,0.31785,0.05034,0.00912,0.00353,3.73393,10.5013,5.7777,0.0104105,0.00988144,0.00988144
4,55.7757,3.49026,3.39384,2.55024,0.65002,0.07861,0.04303,0.01377,3.39851,5.08957,2.63178,0.009901,0.009901,0.009901
5,64.4538,3.12763,2.87488,2.21293,0.51561,0.08655,0.04145,0.01576,3.41244,9.46101,2.91444,0.009868,0.009868,0.009868
6,72.9878,2.88045,2.58504,2.03057,0.45624,0.16822,0.09355,0.0346,2.8267,2.49873,2.06929,0.009835,0.009835,0.009835
7,81.5464,2.72137,2.36691,1.93718,0.4124,0.15754,0.09257,0.03164,2.69787,3.16911,2.1283,0.009802,0.009802,0.009802
8,90.1092,2.54345,2.21228,1.8523,0.54729,0.25005,0.17281,0.0624,2.62272,2.32592,1.92174,0.009769,0.009769,0.009769
9,98.731,2.47778,2.11476,1.79533,0.54408,0.29429,0.21866,0.08065,2.3819,2.74981,1.77381,0.009736,0.009736,0.009736
10,107.29,2.38061,2.01509,1.73988,0.351,0.17942,0.12642,0.04995,2.65738,3.10895,1.97669,0.009703,0.009703,0.009703
11,115.837,2.28228,1.95171,1.7144,0.55704,0.26936,0.22451,0.08719,2.31788,1.96013,1.74311,0.00967,0.00967,0.00967
12,124.368,2.24544,1.85258,1.66377,0.40245,0.03057,0.02606,0.0094,3.47984,5.15165,3.30904,0.009637,0.009637,0.009637
13,132.926,2.17679,1.77346,1.63118,0.48283,0.35915,0.30885,0.13216,2.08496,1.62553,1.63874,0.009604,0.009604,0.009604
14,141.505,2.16729,1.7419,1.61866,0.41901,0.31439,0.24916,0.09742,2.26967,1.92047,1.7256,0.009571,0.009571,0.009571
15,150.197,2.0924,1.71904,1.58343,0.30056,0.37862,0.25143,0.10109,2.23987,2.19437,1.65279,0.009538,0.009538,0.009538
16,158.788,2.09449,1.69643,1.58958,0.50305,0.19062,0.1445,0.05238,2.57967,2.63836,1.92542,0.009505,0.009505,0.009505
17,167.371,2.06989,1.67008,1.59721,0.42158,0.34561,0.31944,0.13474,2.00036,1.60667,1.53673,0.009472,0.009472,0.009472
18,175.975,2.02642,1.61654,1.55134,0.31427,0.38358,0.27495,0.1167,2.09365,2.29099,1.66711,0.009439,0.009439,0.009439
19,184.565,1.99159,1.60469,1.5122,0.36497,0.20397,0.17499,0.07162,2.31968,2.33082,1.7792,0.009406,0.009406,0.009406
20,193.129,1.95989,1.54138,1.51071,0.6073,0.43454,0.41832,0.18803,1.90428,1.40264,1.50555,0.009373,0.009373,0.009373
21,201.747,1.93558,1.55883,1.53515,0.44645,0.48242,0.38162,0.16673,1.9235,1.52474,1.52379,0.00934,0.00934,0.00934
22,210.373,1.92263,1.52707,1.50917,0.44354,0.38448,0.33802,0.15302,2.02227,1.67221,1.59337,0.009307,0.009307,0.009307
23,218.99,1.86068,1.47533,1.48249,0.49188,0.32718,0.29991,0.12953,2.14597,1.7691,1.61379,0.009274,0.009274,0.009274
24,227.656,1.85303,1.46918,1.47756,0.45051,0.46731,0.37523,0.15633,1.96741,1.79437,1.51275,0.009241,0.009241,0.009241
25,236.544,1.87601,1.45107,1.45964,0.55141,0.50331,0.48876,0.22244,1.8029,1.29775,1.46599,0.009208,0.009208,0.009208
26,245.604,1.84006,1.44223,1.46111,0.5014,0.5467,0.51735,0.21737,1.76523,1.35875,1.40614,0.009175,0.009175,0.009175
27,254.444,1.80236,1.38181,1.42538,0.32034,0.40837,0.32611,0.14771,2.00035,1.6592,1.57287,0.009142,0.009142,0.009142
28,262.999,1.79579,1.38724,1.44798,0.49755,0.42129,0.39769,0.17901,1.77546,1.71138,1.44485,0.009109,0.009109,0.009109
29,271.596,1.80112,1.39682,1.43121,0.41488,0.49001,0.43879,0.20162,1.69467,1.31997,1.41009,0.009076,0.009076,0.009076
30,280.462,1.76728,1.35524,1.43446,0.55443,0.57368,0.56255,0.26391,1.74143,1.31383,1.42923,0.009043,0.009043,0.009043
31,289.38,1.76685,1.33768,1.42297,0.42636,0.46472,0.37854,0.16885,1.84495,3.79278,1.47928,0.00901,0.00901,0.00901
32,298.153,1.74919,1.37441,1.41759,0.56391,0.50523,0.47275,0.21199,1.75292,1.28567,1.42135,0.008977,0.008977,0.008977
33,307.006,1.73081,1.36211,1.39823,0.57159,0.50982,0.52477,0.22585,1.70884,1.25233,1.41213,0.008944,0.008944,0.008944
34,315.627,1.74105,1.32718,1.41635,0.49946,0.419,0.42101,0.1802,1.83592,1.35024,1.45756,0.008911,0.008911,0.008911
35,324.181,1.73822,1.3279,1.39775,0.51426,0.5312,0.5156,0.23597,1.65881,1.30268,1.3638,0.008878,0.008878,0.008878
36,332.834,1.70061,1.32004,1.39196,0.65394,0.55293,0.54264,0.25718,1.68321,1.19565,1.40587,0.008845,0.008845,0.008845
37,341.479,1.69452,1.29681,1.38192,0.46473,0.33442,0.3359,0.15366,1.99658,1.72738,1.58225,0.008812,0.008812,0.008812
38,350.388,1.69828,1.28977,1.39424,0.51685,0.44249,0.45775,0.19917,1.81452,1.29,1.45781,0.008779,0.008779,0.008779
39,359.366,1.6689,1.27885,1.3781,0.53231,0.49135,0.50286,0.23258,1.70083,1.26157,1.3788,0.008746,0.008746,0.008746
40,368.4,1.68032,1.28581,1.38398,0.50388,0.41276,0.37182,0.15674,1.79506,1.35802,1.4419,0.008713,0.008713,0.008713
41,377.189,1.66244,1.26301,1.33768,0.43836,0.36586,0.31238,0.1403,2.03913,1.76785,1.58077,0.00868,0.00868,0.00868
42,385.813,1.67896,1.27149,1.36271,0.51415,0.28897,0.27501,0.13371,1.96599,1.73698,1.57238,0.008647,0.008647,0.008647
43,394.62,1.64534,1.2451,1.35924,0.52243,0.40729,0.39653,0.17481,1.83662,1.60863,1.43992,0.008614,0.008614,0.008614
44,403.314,1.623,1.22505,1.34249,0.52145,0.4744,0.48733,0.22263,1.7513,1.20289,1.40802,0.008581,0.008581,0.008581
45,411.882,1.59901,1.19593,1.34532,0.61923,0.6144,0.63289,0.28422,1.60421,1.06403,1.35926,0.008548,0.008548,0.008548
46,420.474,1.63402,1.22698,1.3341,0.58708,0.50709,0.51257,0.23108,1.66742,1.23647,1.38396,0.008515,0.008515,0.008515
47,429.053,1.61124,1.21796,1.3355,0.60043,0.62222,0.59963,0.29298,1.58621,1.10464,1.32831,0.008482,0.008482,0.008482
48,437.652,1.60616,1.20269,1.34381,0.62103,0.34544,0.46612,0.19271,1.96987,1.46193,1.55807,0.008449,0.008449,0.008449
49,446.213,1.57919,1.17247,1.31078,0.56395,0.58652,0.57436,0.25464,1.70456,1.13888,1.36012,0.008416,0.008416,0.008416
50,454.752,1.60331,1.21795,1.32609,0.5162,0.33251,0.32991,0.15219,2.02576,1.73747,1.54603,0.008383,0.008383,0.008383
51,463.306,1.59334,1.1979,1.32721,0.67917,0.60312,0.62144,0.30154,1.54646,1.10532,1.29217,0.00835,0.00835,0.00835
52,471.88,1.56308,1.1704,1.30776,0.55216,0.59081,0.52858,0.24577,1.59507,1.14604,1.32621,0.008317,0.008317,0.008317
53,480.471,1.56057,1.15982,1.30502,0.56154,0.48486,0.43989,0.20361,1.69833,1.37084,1.36685,0.008284,0.008284,0.008284
54,489.079,1.55377,1.15447,1.29878,0.48274,0.39763,0.37567,0.17774,1.70809,1.58694,1.39542,0.008251,0.008251,0.008251
55,497.652,1.54812,1.1581,1.30865,0.66255,0.60942,0.64368,0.29163,1.58961,1.11051,1.31714,0.008218,0.008218,0.008218
56,506.215,1.55578,1.16396,1.30118,0.55593,0.57935,0.55503,0.27715,1.57138,1.10564,1.31067,0.008185,0.008185,0.008185
57,514.799,1.53929,1.12573,1.28246,0.46275,0.45303,0.40016,0.18454,1.64367,1.40339,1.39282,0.008152,0.008152,0.008152
58,523.364,1.56089,1.18446,1.30388,0.54882,0.43211,0.44501,0.20418,1.83977,1.29802,1.47788,0.008119,0.008119,0.008119
59,531.983,1.52871,1.13363,1.28055,0.46101,0.57041,0.45694,0.22277,1.5955,1.94985,1.33303,0.008086,0.008086,0.008086
60,540.574,1.4999,1.1146,1.2785,0.57842,0.5064,0.5329,0.25771,1.55287,1.16306,1.30948,0.008053,0.008053,0.008053
61,549.163,1.51715,1.10444,1.28217,0.66486,0.57884,0.63209,0.28348,1.55354,1.07883,1.30875,0.00802,0.00802,0.00802
62,557.752,1.53455,1.13627,1.29959,0.56441,0.50639,0.52488,0.23097,1.57091,1.52875,1.31385,0.007987,0.007987,0.007987
63,566.361,1.52423,1.13194,1.28434,0.48795,0.42349,0.39926,0.18132,1.72107,1.82973,1.40085,0.007954,0.007954,0.007954
64,574.937,1.49991,1.11797,1.27905,0.60056,0.57154,0.61229,0.31441,1.51523,1.07687,1.30076,0.007921,0.007921,0.007921
65,583.574,1.50232,1.11223,1.26135,0.66693,0.57397,0.5915,0.30009,1.51184,1.09083,1.28536,0.007888,0.007888,0.007888
66,592.12,1.48875,1.09324,1.26824,0.77052,0.56966,0.6527,0.32055,1.50642,1.00357,1.29209,0.007855,0.007855,0.007855
67,600.695,1.48252,1.09552,1.26509,0.68622,0.60253,0.66456,0.32468,1.47287,1.03491,1.26056,0.007822,0.007822,0.007822
68,609.266,1.50186,1.10129,1.27489,0.71254,0.59425,0.63917,0.31145,1.57863,1.03767,1.30856,0.007789,0.007789,0.007789
69,617.798,1.47848,1.09501,1.24447,0.73309,0.64605,0.69737,0.35459,1.44549,0.95556,1.23802,0.007756,0.007756,0.007756
70,626.375,1.49008,1.1044,1.27446,0.64005,0.68135,0.68332,0.34041,1.49497,0.99626,1.25065,0.007723,0.007723,0.007723
71,634.952,1.48044,1.08326,1.26174,0.67209,0.6032,0.63522,0.32628,1.48713,1.04143,1.27424,0.00769,0.00769,0.00769
72,643.578,1.48971,1.09454,1.26709,0.69341,0.58816,0.63785,0.31717,1.4683,1.03476,1.26738,0.007657,0.007657,0.007657
73,652.2,1.47275,1.06852,1.26441,0.53263,0.41262,0.41198,0.19905,1.66987,2.09457,1.39737,0.007624,0.007624,0.007624
74,660.754,1.47417,1.08157,1.25408,0.66475,0.53889,0.59852,0.29744,1.51284,1.05534,1.26754,0.007591,0.007591,0.007591
75,669.309,1.49027,1.12367,1.25564,0.39915,0.40948,0.35315,0.16893,1.73876,1.33709,1.41401,0.007558,0.007558,0.007558
76,677.876,1.47163,1.06743,1.2613,0.6244,0.48062,0.55131,0.26609,1.59061,1.09645,1.31459,0.007525,0.007525,0.007525
77,686.499,1.46137,1.06298,1.23429,0.56758,0.52808,0.4955,0.22129,1.65935,1.20099,1.38083,0.007492,0.007492,0.007492
78,695.094,1.43971,1.0583,1.24576,0.70698,0.65655,0.68953,0.31655,1.52668,1.00558,1.28864,0.007459,0.007459,0.007459
79,703.669,1.46165,1.06988,1.25552,0.57735,0.57327,0.57079,0.28085,1.5459,1.04038,1.30504,0.007426,0.007426,0.007426
80,712.269,1.41645,1.04171,1.22406,0.67306,0.56656,0.60912,0.27456,1.54362,1.17863,1.30618,0.007393,0.007393,0.007393
81,720.837,1.43379,1.04592,1.2432,0.62263,0.56651,0.60556,0.3056,1.52356,1.0651,1.26645,0.00736,0.00736,0.00736
82,729.407,1.44739,1.03758,1.2429,0.67588,0.63138,0.66982,0.3276,1.47765,0.97936,1.26629,0.007327,0.007327,0.007327
83,737.987,1.45138,1.05911,1.23945,0.74066,0.67215,0.73268,0.36275,1.46662,0.91748,1.28016,0.007294,0.007294,0.007294
84,746.579,1.41295,1.01484,1.21685,0.71093,0.64331,0.7022,0.34861,1.45542,0.95954,1.25684,0.007261,0.007261,0.007261
85,755.17,1.43476,1.02249,1.24649,0.51123,0.51166,0.48719,0.2269,1.57415,1.21443,1.32738,0.007228,0.007228,0.007228
86,763.732,1.41756,1.04731,1.23329,0.71537,0.63461,0.66081,0.31381,1.49835,0.98991,1.28985,0.007195,0.007195,0.007195
87,772.318,1.41536,1.01106,1.21511,0.67116,0.59488,0.63448,0.3154,1.50144,1.02695,1.27202,0.007162,0.007162,0.007162
88,780.895,1.41329,1.00046,1.2383,0.69021,0.65763,0.68909,0.33003,1.50225,1.00077,1.28215,0.007129,0.007129,0.007129
89,789.466,1.42609,1.02425,1.23541,0.75314,0.63953,0.73745,0.35172,1.42046,0.9413,1.24642,0.007096,0.007096,0.007096
90,798.041,1.44172,1.0404,1.22999,0.74606,0.70039,0.73972,0.36551,1.41216,0.97402,1.21924,0.007063,0.007063,0.007063
91,806.617,1.40766,1.02155,1.21342,0.60108,0.55994,0.56885,0.26965,1.5334,1.087,1.316,0.00703,0.00703,0.00703
92,815.197,1.42821,1.05407,1.24813,0.71025,0.59462,0.66437,0.3201,1.46442,1.02054,1.26263,0.006997,0.006997,0.006997
93,823.784,1.39452,0.99938,1.22798,0.67342,0.49366,0.54325,0.26445,1.52561,1.08135,1.27846,0.006964,0.006964,0.006964
94,832.344,1.40297,1.0258,1.22742,0.73379,0.67507,0.73134,0.36452,1.4234,0.90835,1.23342,0.006931,0.006931,0.006931
95,840.916,1.39369,1.02698,1.20596,0.63587,0.70308,0.69132,0.34053,1.46197,0.94144,1.25004,0.006898,0.006898,0.006898
96,849.528,1.38117,1.01115,1.20924,0.69423,0.67617,0.72089,0.35258,1.43501,0.96342,1.23272,0.006865,0.006865,0.006865
97,858.132,1.4295,1.02135,1.23197,0.68567,0.59694,0.67942,0.32381,1.50994,0.96141,1.32347,0.006832,0.006832,0.006832
98,866.71,1.399,1.00363,1.22299,0.58136,0.58035,0.58224,0.28257,1.54987,1.05366,1.30592,0.006799,0.006799,0.006799
99,875.267,1.38294,0.97564,1.22422,0.78034,0.68897,0.75354,0.38581,1.42115,0.90401,1.22793,0.006766,0.006766,0.006766
100,883.853,1.37485,1.00808,1.21351,0.75501,0.698,0.73931,0.3698,1.39713,0.92035,1.22599,0.006733,0.006733,0.006733
101,892.414,1.37548,0.99787,1.202,0.70984,0.61038,0.69176,0.3475,1.4418,0.94691,1.22667,0.0067,0.0067,0.0067
102,901.007,1.38334,1.0144,1.2119,0.75403,0.68665,0.73671,0.36954,1.46624,0.93353,1.26079,0.006667,0.006667,0.006667
103,909.579,1.38522,0.99298,1.21567,0.68873,0.55565,0.63638,0.32286,1.46777,0.95784,1.25996,0.006634,0.006634,0.006634
104,918.143,1.36987,0.98836,1.20464,0.73116,0.71395,0.73959,0.38437,1.3544,0.90226,1.21526,0.006601,0.006601,0.006601
105,926.738,1.3832,0.97925,1.2015,0.58477,0.57259,0.56287,0.27563,1.4851,1.12799,1.27243,0.006568,0.006568,0.006568
106,935.313,1.36528,0.98348,1.18932,0.76315,0.7009,0.74023,0.37414,1.40121,0.88677,1.21746,0.006535,0.006535,0.006535
107,943.883,1.37764,0.98249,1.20561,0.66241,0.57536,0.64764,0.29231,1.5591,1.02339,1.3249,0.006502,0.006502,0.006502
108,952.456,1.36362,0.98146,1.20939,0.67828,0.58918,0.65707,0.30097,1.51513,1.00894,1.29375,0.006469,0.006469,0.006469
109,961.008,1.37343,0.99552,1.21182,0.74534,0.65088,0.72343,0.34209,1.46307,0.92444,1.26192,0.006436,0.006436,0.006436
110,969.557,1.3593,0.96657,1.18736,0.75372,0.69124,0.75385,0.37915,1.42046,0.91493,1.22856,0.006403,0.006403,0.006403
111,978.111,1.33761,0.96761,1.18195,0.68842,0.64815,0.68008,0.34107,1.47289,0.95682,1.25497,0.00637,0.00637,0.00637
112,986.663,1.35235,0.9562,1.19119,0.64463,0.51967,0.59637,0.29819,1.56065,1.07924,1.32058,0.006337,0.006337,0.006337
113,995.219,1.36482,0.9666,1.20861,0.75721,0.688,0.76424,0.3708,1.43199,0.9165,1.24,0.006304,0.006304,0.006304
114,1003.79,1.36498,0.98085,1.19996,0.78771,0.73005,0.77977,0.3969,1.39348,0.89877,1.22251,0.006271,0.006271,0.006271
115,1012.38,1.36834,0.99326,1.1999,0.63924,0.49566,0.56201,0.27758,1.51781,1.12539,1.27994,0.006238,0.006238,0.006238
116,1020.92,1.36533,0.96961,1.18887,0.68272,0.53251,0.57113,0.28368,1.53606,1.08071,1.28431,0.006205,0.006205,0.006205
117,1029.49,1.35414,0.98166,1.20427,0.62728,0.54206,0.56866,0.28799,1.49951,1.00993,1.25656,0.006172,0.006172,0.006172
118,1038.05,1.32857,0.95248,1.19826,0.81232,0.70455,0.78171,0.38663,1.429,0.8862,1.23437,0.006139,0.006139,0.006139
119,1046.62,1.32915,0.9512,1.18494,0.72061,0.6493,0.69499,0.33944,1.43699,0.90175,1.23421,0.006106,0.006106,0.006106
120,1055.2,1.32837,0.94283,1.18737,0.79348,0.67684,0.75187,0.37113,1.42572,0.89527,1.25344,0.006073,0.006073,0.006073
121,1063.78,1.32609,0.92108,1.17132,0.7821,0.66773,0.74472,0.38066,1.39261,0.90082,1.23295,0.00604,0.00604,0.00604
122,1072.34,1.33435,0.95313,1.18028,0.80384,0.69583,0.76119,0.38939,1.39083,0.86075,1.22509,0.006007,0.006007,0.006007
123,1080.91,1.32789,0.95104,1.19282,0.83313,0.70391,0.78965,0.40556,1.3535,0.87531,1.20115,0.005974,0.005974,0.005974
124,1089.52,1.31734,0.93138,1.18745,0.77971,0.67132,0.74514,0.37806,1.39113,0.87062,1.22496,0.005941,0.005941,0.005941
125,1098.09,1.30834,0.93365,1.16988,0.66057,0.68615,0.71501,0.33611,1.45845,0.90646,1.28332,0.005908,0.005908,0.005908
126,1106.66,1.30173,0.91451,1.17113,0.80152,0.70885,0.79739,0.40888,1.33141,0.8363,1.19786,0.005875,0.005875,0.005875
127,1115.26,1.31517,0.95152,1.18611,0.7761,0.69119,0.7594,0.36738,1.41444,0.89929,1.25468,0.005842,0.005842,0.005842
128,1123.82,1.29265,0.9309,1.19019,0.81785,0.70246,0.77647,0.40037,1.36101,0.85075,1.23257,0.005809,0.005809,0.005809
129,1132.39,1.31907,0.93192,1.18493,0.74115,0.68772,0.73369,0.36969,1.43141,0.86775,1.28304,0.005776,0.005776,0.005776
130,1140.93,1.32552,0.92313,1.17903,0.77611,0.62963,0.69781,0.36282,1.43981,0.87375,1.24863,0.005743,0.005743,0.005743
131,1149.51,1.31012,0.92348,1.16881,0.75212,0.75171,0.78396,0.37869,1.40091,0.85223,1.2396,0.00571,0.00571,0.00571
132,1158.07,1.32802,0.93943,1.18016,0.79778,0.72968,0.78677,0.40204,1.37445,0.83906,1.19588,0.005677,0.005677,0.005677
133,1166.59,1.28373,0.91809,1.15798,0.78853,0.61116,0.72951,0.36663,1.40245,0.86938,1.23578,0.005644,0.005644,0.005644
134,1175.26,1.33919,0.94698,1.1826,0.78287,0.72782,0.77859,0.41465,1.34526,0.80282,1.21215,0.005611,0.005611,0.005611
135,1183.86,1.33845,0.93873,1.18606,0.69708,0.62606,0.67022,0.29849,1.55034,0.96345,1.37663,0.005578,0.005578,0.005578
136,1192.4,1.28315,0.89913,1.17676,0.82949,0.67027,0.76254,0.39719,1.34046,0.83481,1.19504,0.005545,0.005545,0.005545
137,1200.97,1.30126,0.91362,1.17226,0.81259,0.73846,0.78966,0.4058,1.35181,0.82406,1.21352,0.005512,0.005512,0.005512
138,1209.54,1.2952,0.91634,1.17586,0.77043,0.7292,0.77087,0.39908,1.33593,0.83711,1.18406,0.005479,0.005479,0.005479
139,1218.12,1.29514,0.90904,1.17424,0.80011,0.74804,0.77506,0.39068,1.36033,0.82381,1.21406,0.005446,0.005446,0.005446
140,1226.69,1.29055,0.87862,1.16635,0.7508,0.69174,0.74366,0.34956,1.44842,0.90418,1.27613,0.005413,0.005413,0.005413
141,1235.27,1.30017,0.91282,1.16455,0.72457,0.70499,0.73332,0.37762,1.39158,0.84693,1.21865,0.00538,0.00538,0.00538
142,1243.84,1.28215,0.89943,1.1654,0.77482,0.7075,0.74543,0.39032,1.35986,0.85122,1.20746,0.005347,0.005347,0.005347
143,1252.37,1.28085,0.89756,1.16131,0.80715,0.71397,0.78734,0.37775,1.41282,0.85801,1.25056,0.005314,0.005314,0.005314
144,1260.91,1.31291,0.92022,1.17168,0.69521,0.75742,0.73922,0.36694,1.39957,0.84757,1.20413,0.005281,0.005281,0.005281
145,1269.49,1.26265,0.89031,1.15799,0.72996,0.68831,0.73675,0.35927,1.42662,0.90066,1.25597,0.005248,0.005248,0.005248
146,1278.06,1.25965,0.87736,1.14199,0.7156,0.63332,0.7024,0.33171,1.46908,0.93053,1.27726,0.005215,0.005215,0.005215
147,1286.61,1.25727,0.89493,1.14929,0.7644,0.69278,0.71732,0.33838,1.47443,0.88782,1.31666,0.005182,0.005182,0.005182
148,1295.17,1.27215,0.88917,1.1614,0.79605,0.72438,0.78713,0.39335,1.39012,0.83059,1.23109,0.005149,0.005149,0.005149
149,1303.74,1.26118,0.88936,1.17089,0.80628,0.70382,0.78517,0.38451,1.39305,0.85849,1.23937,0.005116,0.005116,0.005116
150,1312.29,1.27957,0.89533,1.15175,0.75618,0.68394,0.73645,0.37718,1.35171,0.84251,1.17692,0.005083,0.005083,0.005083
151,1320.83,1.26876,0.89726,1.15813,0.80827,0.72707,0.78534,0.41337,1.34672,0.79869,1.2165,0.00505,0.00505,0.00505
152,1329.39,1.2617,0.87303,1.1582,0.81268,0.72941,0.77177,0.40447,1.36067,0.83012,1.19856,0.005017,0.005017,0.005017
153,1337.93,1.26639,0.89275,1.16452,0.81264,0.69521,0.75976,0.3672,1.41754,0.88203,1.26064,0.004984,0.004984,0.004984
154,1346.47,1.26803,0.89409,1.15366,0.81393,0.72419,0.78418,0.40585,1.3356,0.81047,1.19101,0.004951,0.004951,0.004951
155,1355.05,1.26135,0.8737,1.1523,0.77814,0.71271,0.77236,0.40045,1.34662,0.83026,1.19406,0.004918,0.004918,0.004918
156,1363.61,1.2473,0.87514,1.14729,0.79953,0.69993,0.7579,0.36416,1.42215,0.8589,1.28178,0.004885,0.004885,0.004885
157,1372.16,1.22292,0.86985,1.14259,0.72438,0.69399,0.74777,0.38992,1.34669,0.84895,1.19874,0.004852,0.004852,0.004852
158,1380.73,1.22528,0.85887,1.13929,0.85937,0.74006,0.80629,0.42237,1.33336,0.80159,1.20084,0.004819,0.004819,0.004819
159,1389.35,1.27407,0.8877,1.15567,0.7909,0.74099,0.77961,0.39338,1.37859,0.8193,1.22135,0.004786,0.004786,0.004786
160,1397.91,1.26377,0.88489,1.14894,0.82374,0.74276,0.80026,0.40779,1.37098,0.83545,1.22875,0.004753,0.004753,0.004753
161,1406.45,1.22595,0.85289,1.13549,0.81608,0.74555,0.80606,0.42503,1.363,0.79363,1.234,0.00472,0.00472,0.00472
162,1415.03,1.28145,0.89068,1.16154,0.83555,0.7611,0.81517,0.4411,1.33175,0.78395,1.20737,0.004687,0.004687,0.004687
163,1423.6,1.25501,0.87239,1.15989,0.84507,0.72039,0.79533,0.40121,1.39373,0.81731,1.2534,0.004654,0.004654,0.004654
164,1432.13,1.24163,0.87,1.14182,0.81401,0.75469,0.8027,0.41791,1.35841,0.78852,1.23273,0.004621,0.004621,0.004621
165,1440.67,1.22151,0.83909,1.12848,0.8208,0.73637,0.79627,0.38769,1.3968,0.81891,1.26428,0.004588,0.004588,0.004588
166,1449.25,1.20913,0.8388,1.12379,0.73246,0.68097,0.74997,0.3832,1.34789,0.81457,1.19216,0.004555,0.004555,0.004555
167,1457.81,1.23197,0.86223,1.14121,0.80781,0.75559,0.79892,0.42408,1.33288,0.78841,1.21935,0.004522,0.004522,0.004522
168,1466.37,1.25038,0.85773,1.14523,0.79649,0.72495,0.77854,0.40238,1.3404,0.81126,1.19945,0.004489,0.004489,0.004489
169,1474.93,1.229,0.84551,1.14093,0.84563,0.73262,0.78824,0.42322,1.31506,0.787,1.19918,0.004456,0.004456,0.004456
170,1483.51,1.2443,0.85074,1.14016,0.82763,0.71661,0.78642,0.41643,1.35743,0.79563,1.24597,0.004423,0.004423,0.004423
171,1492.14,1.22892,0.83146,1.13433,0.79774,0.75769,0.80776,0.421,1.35349,0.79352,1.24513,0.00439,0.00439,0.00439
172,1500.7,1.22169,0.84809,1.13415,0.80431,0.71611,0.78345,0.39786,1.35113,0.81655,1.19602,0.004357,0.004357,0.004357
173,1509.26,1.24222,0.84074,1.13917,0.81117,0.75784,0.80052,0.42384,1.35792,0.7709,1.24035,0.004324,0.004324,0.004324
174,1517.82,1.23482,0.8372,1.14081,0.79667,0.69341,0.75947,0.34939,1.45384,0.84128,1.27579,0.004291,0.004291,0.004291
175,1526.38,1.20381,0.83729,1.13559,0.82554,0.74217,0.79828,0.44193,1.32231,0.76954,1.22143,0.004258,0.004258,0.004258
176,1534.94,1.23228,0.84615,1.14684,0.73832,0.7212,0.74172,0.38604,1.36906,0.8227,1.19975,0.004225,0.004225,0.004225
177,1543.51,1.22785,0.83619,1.13782,0.82952,0.74665,0.79374,0.41121,1.34405,0.77713,1.21719,0.004192,0.004192,0.004192
178,1552.06,1.23392,0.83605,1.12895,0.77959,0.74352,0.78499,0.40107,1.3983,0.79021,1.26726,0.004159,0.004159,0.004159
179,1560.62,1.2057,0.84196,1.13109,0.83843,0.75381,0.81311,0.44069,1.32142,0.76053,1.20284,0.004126,0.004126,0.004126
180,1569.2,1.24745,0.85447,1.14868,0.86768,0.73642,0.81829,0.43868,1.33605,0.75472,1.23436,0.004093,0.004093,0.004093
181,1577.75,1.2037,0.82058,1.11635,0.7876,0.71505,0.77063,0.37684,1.42853,0.82421,1.27729,0.00406,0.00406,0.00406
182,1586.33,1.21703,0.82737,1.12889,0.78999,0.76596,0.80417,0.43103,1.3298,0.75824,1.20649,0.004027,0.004027,0.004027
183,1594.91,1.20555,0.80889,1.13489,0.82928,0.74408,0.80148,0.43815,1.31445,0.7621,1.21547,0.003994,0.003994,0.003994
184,1603.46,1.20504,0.81184,1.11425,0.78771,0.76148,0.7928,0.41776,1.32403,0.76729,1.20376,0.003961,0.003961,0.003961
185,1612.01,1.23077,0.84535,1.13269,0.85227,0.75726,0.81184,0.43723,1.33096,0.74693,1.24668,0.003928,0.003928,0.003928
186,1620.57,1.20417,0.83014,1.12182,0.80581,0.77164,0.81611,0.4466,1.30694,0.74409,1.21216,0.003895,0.003895,0.003895
187,1629.15,1.19549,0.81561,1.12027,0.8555,0.74532,0.81608,0.42273,1.36736,0.74763,1.27444,0.003862,0.003862,0.003862
188,1637.73,1.19925,0.82423,1.11737,0.84667,0.76336,0.82332,0.43634,1.35608,0.74679,1.25416,0.003829,0.003829,0.003829
189,1646.3,1.19649,0.82625,1.129,0.81877,0.7503,0.80008,0.42668,1.34418,0.74146,1.26382,0.003796,0.003796,0.003796
190,1654.86,1.20579,0.8102,1.13264,0.82187,0.76677,0.81802,0.4358,1.3191,0.74855,1.22036,0.003763,0.003763,0.003763
191,1663.41,1.18133,0.81049,1.11772,0.80401,0.75022,0.80454,0.42594,1.33578,0.75809,1.22776,0.00373,0.00373,0.00373
192,1671.96,1.20429,0.82079,1.13254,0.83214,0.75512,0.81647,0.42875,1.33345,0.76293,1.21729,0.003697,0.003697,0.003697
193,1680.52,1.19298,0.81835,1.11538,0.86611,0.74314,0.82388,0.44152,1.33566,0.75599,1.23289,0.003664,0.003664,0.003664
194,1689.09,1.19773,0.82849,1.12308,0.82198,0.75966,0.80422,0.42205,1.34915,0.75421,1.23555,0.003631,0.003631,0.003631
195,1697.65,1.17854,0.81004,1.11404,0.85806,0.74839,0.81147,0.426,1.3432,0.7397,1.24892,0.003598,0.003598,0.003598
196,1706.21,1.18403,0.80066,1.12263,0.84164,0.7583,0.80889,0.42717,1.34727,0.74211,1.25039,0.003565,0.003565,0.003565
197,1714.76,1.1724,0.7908,1.11552,0.83416,0.74198,0.79176,0.40024,1.39562,0.76995,1.29159,0.003532,0.003532,0.003532
198,1723.31,1.19525,0.80373,1.12698,0.82189,0.72765,0.78365,0.38958,1.39522,0.77075,1.27967,0.003499,0.003499,0.003499
199,1731.87,1.20754,0.81481,1.11761,0.83075,0.72031,0.79953,0.41271,1.36953,0.7674,1.25164,0.003466,0.003466,0.003466
200,1740.44,1.19203,0.8022,1.11506,0.82188,0.78074,0.82628,0.4383,1.32766,0.72906,1.24472,0.003433,0.003433,0.003433
201,1749,1.18743,0.80819,1.12266,0.83411,0.72018,0.79194,0.40811,1.36841,0.75408,1.28229,0.0034,0.0034,0.0034
202,1757.56,1.18907,0.80637,1.12422,0.82526,0.77912,0.82209,0.44241,1.31136,0.72573,1.23177,0.003367,0.003367,0.003367
203,1766.1,1.18625,0.80857,1.1131,0.81754,0.72437,0.79648,0.42258,1.34404,0.7565,1.2231,0.003334,0.003334,0.003334
204,1774.65,1.18908,0.82367,1.119,0.81947,0.73879,0.78331,0.40238,1.39419,0.76299,1.30313,0.003301,0.003301,0.003301
205,1783.21,1.19248,0.81988,1.12647,0.78626,0.68588,0.73784,0.3663,1.46463,0.80126,1.34907,0.003268,0.003268,0.003268
206,1791.78,1.17411,0.79046,1.11288,0.85344,0.7582,0.8261,0.4384,1.34057,0.73441,1.25179,0.003235,0.003235,0.003235
207,1800.36,1.16601,0.78068,1.09533,0.85372,0.74628,0.81556,0.42659,1.34389,0.7196,1.26841,0.003202,0.003202,0.003202
208,1808.93,1.16602,0.7903,1.11342,0.83626,0.72299,0.79038,0.40069,1.3994,0.7535,1.30556,0.003169,0.003169,0.003169
209,1817.48,1.15627,0.78498,1.10349,0.8568,0.75051,0.82013,0.42336,1.35352,0.73372,1.27086,0.003136,0.003136,0.003136
210,1826.03,1.17178,0.79687,1.11383,0.85675,0.75337,0.80625,0.42806,1.33013,0.73183,1.25645,0.003103,0.003103,0.003103
211,1834.59,1.17183,0.77801,1.09939,0.83902,0.75742,0.80718,0.43317,1.31594,0.72281,1.24318,0.00307,0.00307,0.00307
212,1843.15,1.16013,0.78769,1.10303,0.85972,0.75119,0.82346,0.44268,1.32635,0.72012,1.24515,0.003037,0.003037,0.003037
213,1851.7,1.17149,0.76941,1.10315,0.82398,0.75006,0.79399,0.42244,1.35651,0.72258,1.27343,0.003004,0.003004,0.003004
214,1860.26,1.17641,0.79219,1.1076,0.80758,0.73601,0.79524,0.40603,1.37007,0.75631,1.25231,0.002971,0.002971,0.002971
215,1868.84,1.13709,0.78182,1.10217,0.83448,0.75003,0.81162,0.43324,1.33803,0.71909,1.25826,0.002938,0.002938,0.002938
216,1877.4,1.14217,0.76867,1.098,0.84692,0.73635,0.79286,0.43187,1.34006,0.71618,1.26521,0.002905,0.002905,0.002905
217,1885.96,1.14552,0.78241,1.09652,0.84742,0.74551,0.797,0.44124,1.3392,0.70909,1.26362,0.002872,0.002872,0.002872
218,1894.51,1.13501,0.7654,1.08923,0.80931,0.71783,0.75901,0.38077,1.44646,0.77588,1.34366,0.002839,0.002839,0.002839
219,1903.06,1.13578,0.7665,1.09279,0.84329,0.74903,0.7994,0.43814,1.33327,0.70596,1.27399,0.002806,0.002806,0.002806
220,1911.6,1.13387,0.76008,1.10349,0.84607,0.76084,0.81166,0.44245,1.32827,0.71387,1.25876,0.002773,0.002773,0.002773
221,1920.3,1.15271,0.77809,1.10342,0.85436,0.75143,0.81293,0.44293,1.33531,0.71736,1.26184,0.00274,0.00274,0.00274
222,1929.1,1.1391,0.77972,1.08614,0.84972,0.73385,0.80782,0.42548,1.35715,0.74051,1.25253,0.002707,0.002707,0.002707
223,1937.68,1.15166,0.77059,1.10283,0.83863,0.74538,0.78655,0.4261,1.35028,0.72176,1.29686,0.002674,0.002674,0.002674
224,1946.25,1.14365,0.77034,1.10786,0.83134,0.76291,0.80702,0.42934,1.34056,0.71406,1.27625,0.002641,0.002641,0.002641
225,1954.82,1.14769,0.76957,1.09659,0.81587,0.72463,0.77494,0.39387,1.3994,0.74629,1.3203,0.002608,0.002608,0.002608
226,1963.39,1.17225,0.77441,1.12553,0.83527,0.77597,0.81688,0.44055,1.32131,0.71114,1.25145,0.002575,0.002575,0.002575
227,1971.96,1.14194,0.76165,1.08981,0.80299,0.75815,0.79027,0.42258,1.35549,0.72591,1.28647,0.002542,0.002542,0.002542
228,1980.54,1.1469,0.77509,1.09559,0.84017,0.75022,0.8132,0.42656,1.34281,0.72287,1.2676,0.002509,0.002509,0.002509
229,1989.12,1.14103,0.74995,1.09583,0.8406,0.72056,0.78516,0.40442,1.37836,0.72582,1.31854,0.002476,0.002476,0.002476
230,1997.66,1.16336,0.76329,1.10336,0.82199,0.73556,0.78182,0.41113,1.37563,0.7194,1.31557,0.002443,0.002443,0.002443
231,2006.24,1.14696,0.76258,1.10119,0.82134,0.74896,0.79256,0.42142,1.37176,0.71339,1.31828,0.00241,0.00241,0.00241
232,2014.78,1.14089,0.75985,1.09749,0.84152,0.75045,0.80701,0.43503,1.33967,0.70526,1.29428,0.002377,0.002377,0.002377
233,2023.35,1.12448,0.75442,1.08825,0.82895,0.76645,0.80272,0.43299,1.33178,0.71776,1.26843,0.002344,0.002344,0.002344
234,2031.88,1.12739,0.76399,1.08992,0.8252,0.76127,0.80493,0.43442,1.32989,0.70834,1.28468,0.002311,0.002311,0.002311
235,2040.42,1.12172,0.7526,1.08653,0.835,0.76003,0.80789,0.44095,1.32998,0.70519,1.27632,0.002278,0.002278,0.002278
236,2049,1.10655,0.7533,1.06995,0.84401,0.74898,0.81233,0.44103,1.32947,0.71169,1.2689,0.002245,0.002245,0.002245
237,2057.58,1.10112,0.7479,1.08757,0.83246,0.73529,0.78467,0.41868,1.37314,0.72723,1.31567,0.002212,0.002212,0.002212
238,2066.16,1.10812,0.75436,1.09235,0.84419,0.75726,0.81435,0.43695,1.3405,0.71525,1.28346,0.002179,0.002179,0.002179
239,2074.74,1.09872,0.73746,1.08224,0.81698,0.77166,0.80732,0.43221,1.35214,0.71197,1.30109,0.002146,0.002146,0.002146
240,2083.26,1.12298,0.7284,1.09244,0.84303,0.74828,0.80858,0.43693,1.3451,0.71214,1.29974,0.002113,0.002113,0.002113
241,2091.81,1.11832,0.75624,1.09392,0.83715,0.74881,0.80711,0.43556,1.34791,0.71407,1.29807,0.00208,0.00208,0.00208
242,2100.38,1.10494,0.74215,1.07085,0.83209,0.75823,0.81481,0.44796,1.33059,0.70506,1.27912,0.002047,0.002047,0.002047
243,2108.96,1.10125,0.72393,1.07249,0.83261,0.76176,0.81987,0.45074,1.31945,0.71406,1.25012,0.002014,0.002014,0.002014
244,2117.57,1.12675,0.75928,1.08687,0.83796,0.75714,0.81398,0.43906,1.33883,0.71343,1.28348,0.001981,0.001981,0.001981
245,2126.14,1.10885,0.75156,1.07585,0.82799,0.73841,0.79249,0.42391,1.35208,0.72128,1.28861,0.001948,0.001948,0.001948
246,2134.7,1.10537,0.72494,1.07509,0.83902,0.753,0.80805,0.44093,1.32998,0.70814,1.27382,0.001915,0.001915,0.001915
247,2143.26,1.09565,0.72128,1.06925,0.83263,0.7093,0.77749,0.41159,1.37273,0.72423,1.29841,0.001882,0.001882,0.001882
248,2151.91,1.11015,0.72789,1.07906,0.81022,0.77798,0.8114,0.44185,1.32679,0.71151,1.26118,0.001849,0.001849,0.001849
249,2160.47,1.10577,0.75501,1.08924,0.82722,0.75373,0.80356,0.43908,1.33254,0.69885,1.28749,0.001816,0.001816,0.001816
250,2169.02,1.08572,0.73601,1.08303,0.8416,0.73296,0.78703,0.40894,1.38409,0.72303,1.33043,0.001783,0.001783,0.001783
251,2177.58,1.08833,0.73158,1.07022,0.84986,0.74414,0.80099,0.43613,1.34034,0.70363,1.29887,0.00175,0.00175,0.00175
252,2186.15,1.08352,0.73222,1.0778,0.79636,0.78543,0.80369,0.43807,1.33736,0.70322,1.29669,0.001717,0.001717,0.001717
253,2194.71,1.08748,0.72744,1.08071,0.83141,0.73882,0.79642,0.42433,1.35482,0.70742,1.30507,0.001684,0.001684,0.001684
254,2203.27,1.09499,0.71393,1.07432,0.80325,0.77528,0.81186,0.43609,1.33986,0.69714,1.29097,0.001651,0.001651,0.001651
255,2211.83,1.11209,0.73337,1.09188,0.81888,0.73995,0.7879,0.42257,1.37251,0.71587,1.32139,0.001618,0.001618,0.001618
256,2220.37,1.08609,0.72581,1.07409,0.82823,0.7672,0.80982,0.44157,1.33497,0.69771,1.29385,0.001585,0.001585,0.001585
257,2228.89,1.0762,0.71617,1.07714,0.82728,0.76583,0.81386,0.43884,1.33466,0.69469,1.28891,0.001552,0.001552,0.001552
258,2237.46,1.08358,0.72064,1.07572,0.81377,0.77259,0.81378,0.43667,1.34151,0.69719,1.29553,0.001519,0.001519,0.001519
259,2246.01,1.08356,0.72405,1.06611,0.80483,0.77898,0.81019,0.43617,1.33711,0.69857,1.28461,0.001486,0.001486,0.001486
260,2254.59,1.08843,0.72822,1.07664,0.81594,0.76422,0.80674,0.4392,1.33549,0.70038,1.2857,0.001453,0.001453,0.001453
261,2263.17,1.06886,0.71615,1.07196,0.83177,0.77176,0.81438,0.44432,1.31445,0.69104,1.2649,0.00142,0.00142,0.00142
262,2271.73,1.07036,0.71236,1.07149,0.83461,0.76442,0.81009,0.43974,1.32107,0.69981,1.26269,0.001387,0.001387,0.001387
263,2280.29,1.07845,0.7174,1.06757,0.81523,0.75135,0.79833,0.42881,1.34866,0.70744,1.29823,0.001354,0.001354,0.001354
264,2288.86,1.09038,0.72256,1.07633,0.79318,0.76717,0.80233,0.44139,1.32803,0.70341,1.27892,0.001321,0.001321,0.001321
265,2297.42,1.0882,0.72531,1.07838,0.83593,0.76848,0.81026,0.44477,1.32471,0.69263,1.28091,0.001288,0.001288,0.001288
266,2305.99,1.06392,0.7135,1.06472,0.84963,0.74929,0.80473,0.44176,1.33134,0.69408,1.29289,0.001255,0.001255,0.001255
267,2314.57,1.0707,0.71773,1.0625,0.82969,0.77346,0.81182,0.44649,1.32333,0.69044,1.28854,0.001222,0.001222,0.001222
268,2323.11,1.08777,0.71709,1.07838,0.84168,0.7667,0.81292,0.44606,1.32269,0.69074,1.284,0.001189,0.001189,0.001189
269,2331.65,1.06624,0.71613,1.06836,0.83278,0.77124,0.81095,0.44405,1.32227,0.68358,1.2889,0.001156,0.001156,0.001156
270,2340.21,1.06196,0.71189,1.05592,0.82383,0.778,0.81431,0.44265,1.32682,0.68598,1.29339,0.001123,0.001123,0.001123
271,2348.78,1.06165,0.70496,1.06339,0.82233,0.78268,0.81319,0.44834,1.31765,0.68186,1.28567,0.00109,0.00109,0.00109
272,2357.35,1.07304,0.71145,1.06611,0.79454,0.79179,0.81626,0.45266,1.31637,0.68069,1.2816,0.001057,0.001057,0.001057
273,2365.9,1.0533,0.70138,1.05593,0.79052,0.79599,0.81162,0.44508,1.32135,0.68523,1.28452,0.001024,0.001024,0.001024
274,2374.45,1.04955,0.70657,1.05152,0.79386,0.79449,0.81703,0.44451,1.31646,0.6774,1.28015,0.000991,0.000991,0.000991
275,2383,1.05363,0.70501,1.05935,0.8077,0.78545,0.81656,0.44332,1.31638,0.67482,1.28053,0.000958,0.000958,0.000958
276,2391.56,1.02178,0.68959,1.04669,0.82077,0.78201,0.81966,0.44331,1.31986,0.67367,1.28667,0.000925,0.000925,0.000925
277,2400.11,1.04378,0.70691,1.05901,0.83145,0.79117,0.81897,0.44091,1.32026,0.6724,1.29177,0.000892,0.000892,0.000892
278,2408.7,1.03873,0.67995,1.05192,0.81167,0.79441,0.81619,0.43947,1.32696,0.67914,1.29987,0.000859,0.000859,0.000859
279,2417.28,1.03976,0.68569,1.04751,0.84716,0.77122,0.81481,0.43996,1.32722,0.67599,1.29875,0.000826,0.000826,0.000826
280,2425.83,1.05352,0.68788,1.05115,0.8201,0.79593,0.81539,0.44247,1.3228,0.67179,1.29602,0.000793,0.000793,0.000793
281,2434.38,1.03622,0.6837,1.05638,0.81577,0.74105,0.79459,0.42063,1.36209,0.69749,1.32594,0.00076,0.00076,0.00076
282,2442.94,1.04785,0.69418,1.05495,0.83598,0.77181,0.81364,0.44421,1.31802,0.67292,1.29337,0.000727,0.000727,0.000727
283,2451.49,1.04274,0.6836,1.05466,0.81488,0.79054,0.81729,0.44349,1.32255,0.673,1.30159,0.000694,0.000694,0.000694
284,2460.04,1.04045,0.69388,1.05251,0.80544,0.79894,0.8196,0.44202,1.3227,0.67398,1.30288,0.000661,0.000661,0.000661
285,2468.59,1.03985,0.69436,1.05517,0.83537,0.76725,0.81423,0.4374,1.32882,0.67632,1.31277,0.000628,0.000628,0.000628
286,2477.14,1.03988,0.69666,1.0603,0.81918,0.78576,0.81379,0.44209,1.31984,0.67421,1.30496,0.000595,0.000595,0.000595
287,2485.73,1.04654,0.69765,1.05757,0.84526,0.7634,0.80899,0.4407,1.32886,0.67571,1.31101,0.000562,0.000562,0.000562
288,2494.38,1.04518,0.68681,1.0589,0.82422,0.78336,0.81345,0.44775,1.31785,0.67132,1.29818,0.000529,0.000529,0.000529
289,2503.02,1.0405,0.69399,1.059,0.83145,0.78327,0.81679,0.44433,1.31849,0.66994,1.29825,0.000496,0.000496,0.000496
290,2511.85,1.03825,0.69001,1.05366,0.82834,0.78327,0.81791,0.44512,1.32121,0.67279,1.30735,0.000463,0.000463,0.000463
291,2520.46,1.0297,0.67969,1.04563,0.83104,0.78547,0.81837,0.44651,1.31941,0.67286,1.30102,0.00043,0.00043,0.00043
292,2529.13,1.02459,0.6873,1.04971,0.82739,0.7842,0.81588,0.44541,1.31814,0.67272,1.30697,0.000397,0.000397,0.000397
293,2537.76,1.01914,0.69026,1.04844,0.82039,0.7892,0.81429,0.44393,1.32006,0.67546,1.30868,0.000364,0.000364,0.000364
294,2546.63,1.01077,0.6778,1.05376,0.82525,0.78492,0.81616,0.44671,1.31882,0.67272,1.31123,0.000331,0.000331,0.000331
295,2555.31,1.03042,0.67986,1.04892,0.82226,0.78761,0.81564,0.44732,1.31997,0.67336,1.31176,0.000298,0.000298,0.000298
296,2563.95,1.02155,0.67149,1.03694,0.80346,0.79261,0.81116,0.44282,1.32803,0.67597,1.31648,0.000265,0.000265,0.000265
297,2572.83,1.00444,0.67292,1.03682,0.79904,0.7867,0.81159,0.44222,1.32654,0.67748,1.31197,0.000232,0.000232,0.000232
298,2581.54,1.02914,0.69038,1.0407,0.81336,0.78962,0.81663,0.44511,1.32064,0.6722,1.3128,0.000199,0.000199,0.000199
299,2590.49,1.01754,0.68525,1.03907,0.80986,0.79394,0.81939,0.44711,1.32019,0.67258,1.3127,0.000166,0.000166,0.000166
300,2599.2,1.01984,0.67183,1.04066,0.80597,0.79419,0.81943,0.44498,1.32228,0.67434,1.31312,0.000133,0.000133,0.000133
